<?xml version="1.0" encoding="UTF-8"?>
<beans:beans xmlns:xsi="http://www.w3.org/2001/XMLSchema-instance"
	xmlns:beans="http://www.springframework.org/schema/beans"
	xmlns:context="http://www.springframework.org/schema/context"
	xmlns:p="http://www.springframework.org/schema/p"
	xmlns:tx="http://www.springframework.org/schema/tx"
	xmlns:jee="http://www.springframework.org/schema/jee"
	xmlns:aop="http://www.springframework.org/schema/aop"
	xmlns:lang="http://www.springframework.org/schema/lang"
	xmlns:task="http://www.springframework.org/schema/task"
	xmlns:util="http://www.springframework.org/schema/util"
	xsi:schemaLocation="http://www.springframework.org/schema/lang http://www.springframework.org/schema/lang/spring-lang-4.0.xsd
		http://www.springframework.org/schema/jee http://www.springframework.org/schema/jee/spring-jee.xsd
		http://www.springframework.org/schema/aop http://www.springframework.org/schema/aop/spring-aop-4.0.xsd
		http://www.springframework.org/schema/task http://www.springframework.org/schema/task/spring-task-4.0.xsd
		http://www.springframework.org/schema/beans http://www.springframework.org/schema/beans/spring-beans-4.0.xsd
		http://www.springframework.org/schema/util http://www.springframework.org/schema/util/spring-util-4.0.xsd
		http://www.springframework.org/schema/tx http://www.springframework.org/schema/tx/spring-tx.xsd
		http://www.springframework.org/schema/context http://www.springframework.org/schema/context/spring-context-4.0.xsd">

	<beans:bean id="propertyConfigurer"
		class="org.springframework.beans.factory.config.PropertyPlaceholderConfigurer"
		p:location="/jdbc.properties" />

	<beans:bean id="dataSource"
		class="org.springframework.jdbc.datasource.DriverManagerDataSource" 
		p:driverClassName="${jdbc.driverClassName}"
		p:url="${jdbc.databaseurl}" p:username="${jdbc.username}"
		p:password="${jdbc.password}" />

	<beans:bean id="jdbcTemplate" class="org.springframework.jdbc.core.JdbcTemplate">
		<beans:property name="dataSource" ref="dataSource" />
	</beans:bean>
	
	<beans:bean id="employeeDao" class="com.sample.dao.EmployeeDAO">
		<beans:property name="jdbcTemplate" ref="jdbcTemplate" />
		<beans:property name="getAllEmployeesQuery">
			<beans:value>
			    <![CDATA[
			    SELECT * FROM EMPLOYEES
				]]>
       		</beans:value>
		</beans:property>
		<beans:property name="getByEmployeeIdQuery">
			<beans:value>
			    <![CDATA[
			    SELECT E.EMPLOYEE_ID,E.FIRST_NAME,E.LAST_NAME,E.GENDER,E.AGE, 
			    E.EMAIL,E.PHONE_NUMBER,E.HIRE_DATE,E.SALARY,E.DEPARTMENT_ID_FK,
			    D.DEPARTMENT_NAME 
    			FROM EMPLOYEES E,DEPARTMENTS D 
    			WHERE E.DEPARTMENT_ID_FK = D.DEPARTMENT_ID AND EMPLOYEE_ID = ?
				]]>
       		</beans:value>
		</beans:property>
		<beans:property name="getByDepartmentIdQuery">
			<beans:value>
			    <![CDATA[
			    SELECT * FROM EMPLOYEES WHERE DEPARTMENT_ID_FK = ?
				]]>
       		</beans:value>
		</beans:property>
		<beans:property name="insert">
			<beans:value>
			    <![CDATA[
			    INSERT INTO EMPLOYEES (FIRST_NAME,LAST_NAME,GENDER,AGE,EMAIL,PHONE_NUMBER,HIRE_DATE,SALARY,DEPARTMENT_ID_FK)VALUES 
      			(?, ?, ?, ?, ?, ?, ?, ?, ?)
				]]>
       		</beans:value>
		</beans:property>
		<beans:property name="update">
			<beans:value>
			    <![CDATA[
			    UPDATE EMPLOYEES SET FIRST_NAME = ?,LAST_NAME = ?,SALARY = ?,PHONE_NUMBER = ? WHERE EMPLOYEE_ID = ?
				]]>
       		</beans:value>
		</beans:property>
		<beans:property name="delete">
			<beans:value>
			    <![CDATA[
			    DELETE from EMPLOYEES WHERE EMPLOYEE_ID = ?
				]]>
       		</beans:value>
		</beans:property>
	</beans:bean>
	
	<beans:bean id="departmentQuery" abstract="true">
		<beans:property name="getAllDepartmentQuery">
			<beans:value>
			    <![CDATA[
			    SELECT * FROM DEPARTMENTS
				]]>
       		</beans:value>
		</beans:property>
		<beans:property name="getDepartmentByIdQuery">
			<beans:value>
			    <![CDATA[
			    SELECT * FROM DEPARTMENTS WHERE DEPARTMENT_ID = ?
				]]>
       		</beans:value>
		</beans:property>
		<beans:property name="getDepartmentByNameQuery">
			<beans:value>
			    <![CDATA[
			    SELECT * FROM DEPARTMENTS WHERE DEPARTMENT_NAME = ?
				]]>
       		</beans:value>
		</beans:property>
		<beans:property name="insertDepartmentQuery">
			<beans:value>
			    <![CDATA[
			    INSERT INTO DEPARTMENTS (DEPARTMENT_NAME)VALUES(?)
				]]>
       		</beans:value>
		</beans:property>
		<beans:property name="updateDepartmentQuery">
			<beans:value>
			    <![CDATA[
			    UPDATE DEPARTMENTS SET DEPARTMENT_NAME = ? WHERE DEPARTMENT_ID = ?
				]]>
       		</beans:value>
		</beans:property>
		<beans:property name="deleteDepartmentQuery">
			<beans:value>
			    <![CDATA[
			    DELETE from DEPARTMENTS WHERE DEPARTMENT_ID = ?
				]]>
       		</beans:value>
		</beans:property>
	</beans:bean>
	
	<beans:bean id="departmentDaoJdbcTemplate" class="com.sample.dao.DepartmentDAOJdbcTemplate" parent="departmentQuery">
		<beans:property name="jdbcTemplate" ref="jdbcTemplate" />
	</beans:bean>
	
	<beans:bean id="employeeService" class="com.sample.service.EmployeeService">
		<beans:property name="employeeDAO" ref="employeeDao" />
	</beans:bean>
	
	<beans:bean id="departmentService" class="com.sample.service.DepartmentService">
		<beans:property name="departmentDAO" ref="departmentDaoJdbcTemplate" />
	</beans:bean>

	<tx:annotation-driven />

	
</beans:beans>
