<?xml version="1.0" encoding="utf-8"?>
<!DOCTYPE hibernate-configuration SYSTEM 
"http://www.hibernate.org/dtd/hibernate-configuration-3.0.dtd">

<hibernate-configuration>
   <session-factory>
   <property name="hibernate.dialect">
      org.hibernate.dialect.DerbyDialect
   </property>
   <property name="hibernate.connection.driver_class">
      org.apache.derby.jdbc.ClientDriver
   </property>

   <property name="hibernate.connection.url">
      jdbc:derby://localhost:1527/training
   </property>
   <property name="hibernate.connection.username">
      root
   </property>
   <property name="hibernate.connection.password">
      root
   </property>
   
   <property name="hibernate.current_session_context_class">thread</property>
  
   <property name="show_sql">true</property>
   <property name="format_sql">true</property>
   <!-- property name="use_sql_comments">true</property -->
  
   
   <mapping class="com.sample.entity.Department"/>
   <mapping class="com.sample.entity.Employee"/>
   <mapping class="com.sample.entity.Student"/>
   <mapping class="com.sample.entity.StudentAddress"/>
   <mapping class="com.sample.entity.Stock"/>
   <mapping class="com.sample.entity.Category"/>
  
</session-factory>
</hibernate-configuration>