<?xml version="1.0" encoding="utf-8"?>
<!DOCTYPE hibernate-configuration SYSTEM 
"http://www.hibernate.org/dtd/hibernate-configuration-3.0.dtd">

<hibernate-configuration>
   <session-factory>
   <property name="hibernate.dialect">
      org.hibernate.dialect.MySQLDialect
   </property>
   <property name="hibernate.connection.driver_class">
      com.mysql.jdbc.Driver
   </property>

   <property name="hibernate.connection.url">
      jdbc:mysql://localhost:3306/training
   </property>
   <property name="hibernate.connection.username">
      root
   </property>
   <property name="hibernate.connection.password">
      root
   </property>
   
   <property name="hibernate.current_session_context_class">thread</property>
  
   <property name="show_sql">true</property>
   <property name="format_sql">true</property>
   <!-- property name="use_sql_comments">true</property -->
  
   
   
   <!-- List of XML mapping files -->
   <!-- <mapping resource="Contact.hbm.xml"/> -->
   <mapping class="com.sample.entity.Department"/>
   

</session-factory>
</hibernate-configuration>