<?xml version="1.0" encoding="UTF-8"?>
<beans xmlns="http://www.springframework.org/schema/beans"
    xmlns:xsi="http://www.w3.org/2001/XMLSchema-instance"
    xmlns:context="http://www.springframework.org/schema/context"
    xsi:schemaLocation="http://www.springframework.org/schema/beans http://www.springframework.org/schema/beans/spring-beans.xsd
    http://www.springframework.org/schema/context http://www.springframework.org/schema/context/spring-context-2.5.xsd"
    default-lazy-init="true">
    <context:property-placeholder location="classpath:prop.properties"/>
<bean id="coach"
class="com.luv2code.springdemo.CricketCoach" scope="prototype">
<property name="fortuneService" ref="service"></property>
<property name="email" value="${email}"></property>
<property name="team" value="${team}"></property>
</bean>
<bean id="service" 
class="com.luv2code.springdemo.HappyFortuneService">
</bean>
<bean id="coach1"
class="com.luv2code.springdemo.TrackCoach" 
init-method="start"
destroy-method="stop">
<constructor-arg ref="service"/>
</bean>
</beans>